,precision,recall,f1-score,support
not sexist,0.5974025974025974,0.3770491803278688,0.4623115577889447,244.0
sexist,0.5594202898550724,0.7568627450980392,0.6433333333333333,255.0
accuracy,0.5711422845691383,0.5711422845691383,0.5711422845691383,0.5711422845691383
macro avg,0.5784114436288349,0.566955962712954,0.552822445561139,499.0
weighted avg,0.5779928009604755,0.5711422845691383,0.5548176755521093,499.0
