,precision,recall,f1-score,support
not sexist,0.8281786941580757,0.9877049180327869,0.9009345794392524,244.0
sexist,0.9855769230769231,0.803921568627451,0.8855291576673866,255.0
accuracy,0.8937875751503006,0.8937875751503006,0.8937875751503006,0.8937875751503006
macro avg,0.9068778086174993,0.8958132433301189,0.8932318685533195,499.0
weighted avg,0.9086126588360438,0.8937875751503006,0.8930620693153531,499.0
