,precision,recall,f1-score,support
not sexist,0.8,1.0,0.888888888888889,244.0
sexist,1.0,0.7607843137254902,0.8641425389755011,255.0
accuracy,0.8777555110220441,0.8777555110220441,0.8777555110220441,0.8777555110220441
macro avg,0.9,0.8803921568627451,0.8765157139321951,499.0
weighted avg,0.9022044088176354,0.8777555110220441,0.8762429585724283,499.0
